name,dblp name,dblp url
Huchuan Lu,Huchuan Lu,https://dblp.org/pid/64/6896
Jianming Zhang,Jianming Zhang 0001,https://dblp.org/pid/12/3933-1
Jiaya Jia,Jiaya Jia,https://dblp.org/pid/31/5649
Jimei Yang,Jimei Yang,https://dblp.org/pid/73/3039
Jinshan Pan,Jinshan Pan,https://dblp.org/pid/06/10816
Kyoung Mu Lee,Kyoung Mu Lee,https://dblp.org/pid/17/4029
Lei Zhang,Lei Zhang 0006,https://dblp.org/pid/64/5666-6
Liang Lin,Liang Lin,https://dblp.org/pid/84/7019
Ming Yang,Ming-Hsuan Yang 0001,https://dblp.org/pid/79/3711
Qing Wang,Qing Wang 0006,https://dblp.org/pid/97/6505-6
Yu Qiao,Yu Qiao 0001,https://dblp.org/pid/q/YuQiao1
Yulun Zhang,Yulun Zhang,https://dblp.org/pid/166/2763
Zhe Lin,Zhe L. Lin,https://dblp.org/pid/42/1680-1
Feng Liu,Feng Liu 0015,https://dblp.org/pid/77/1318-15
Hailin Jin,Hailin Jin,https://dblp.org/pid/78/102
Hao Su,Hao Su 0001,https://dblp.org/pid/09/4945-1
Jun-Yan Zhu,Jun-Yan Zhu,https://dblp.org/pid/117/4782
Li Zhang,Li Zhang 0003,https://dblp.org/pid/89/5992-3
Oliver Wang,Oliver Wang,https://dblp.org/pid/67/5934
Yijun Li,Yijun Li,https://dblp.org/pid/52/6049
Bohyung Han,Bohyung Han,https://dblp.org/pid/73/4880
Fei-Fei Li,Li Fei-Fei 0001,https://dblp.org/pid/79/2528
Gang Hua,Gang Hua 0001,https://dblp.org/pid/75/5209
Honglak Lee,Honglak Lee,https://dblp.org/pid/58/2562
Jianbo Shi,Jianbo Shi,https://dblp.org/pid/71/3879
Kaiming He,Kaiming He,https://dblp.org/pid/34/7659
Limin Wang,Limin Wang 0002,https://dblp.org/pid/68/6610-2
Sifei Liu,Sifei Liu,https://dblp.org/pid/118/1301
Song-Chun Zhu,Song-Chun Zhu,https://dblp.org/pid/10/10313
Tianzhu Zhang,Tianzhu Zhang,https://dblp.org/pid/15/7643
Xiaodan Liang,Xiaodan Liang,https://dblp.org/pid/136/0900
Xiaolong Wang,Xiaolong Wang 0004,https://dblp.org/pid/91/952-4
Xueting Li,Xueting Li,https://dblp.org/pid/132/5427
Yin Li,Yin Li 0003,https://dblp.org/pid/49/5981-3
Yuke Zhu,Yuke Zhu,https://dblp.org/pid/133/1772
Chen Sun,Chen Sun 0002,https://dblp.org/pid/01/6072-2
Hengshuang Zhao,Hengshuang Zhao,https://dblp.org/pid/185/7848
Ning Yu,Ning Yu,https://dblp.org/pid/24/3024
Xuming He,Xuming He 0001,https://dblp.org/pid/03/4230
Yale Song,Yale Song,https://dblp.org/pid/31/9606
Yu-Gang Jiang,Yu-Gang Jiang,https://dblp.org/pid/24/5818
Zhizhong Han,Zhizhong Han,https://dblp.org/pid/166/5173
Zuxuan Wu,Zuxuan Wu,https://dblp.org/pid/150/8447
Le Lu,Le Lu 0001,https://dblp.org/pid/78/6574-1
S Kevin Zhou,Shaohua Kevin Zhou,https://dblp.org/pid/57/98
Ying Nian Wu,Ying Nian Wu,https://dblp.org/pid/18/568
Stephen Lin,Stephen Lin 0001,https://dblp.org/pid/55/4755-1
Jiasen Lu,Jiasen Lu,https://dblp.org/pid/144/6253
Stefan Lee,Stefan Lee,https://dblp.org/pid/158/5809
Boxin Shi,Boxin Shi,https://dblp.org/pid/69/783
Hong Zhang,Hong Zhang 0013,https://dblp.org/pid/24/6914-13
Jiwen Lu,Jiwen Lu,https://dblp.org/pid/09/6350
Ruiping Wang,Ruiping Wang 0001,https://dblp.org/pid/60/1529-1
Yulan Guo,Yulan Guo,https://dblp.org/pid/127/0477
Shang-Hong Lai,Shang-Hong Lai,https://dblp.org/pid/27/679
Chong Luo,Chong Luo,https://dblp.org/pid/79/3712
Fisher Yu,Fisher Yu 0001,https://dblp.org/pid/117/6314
Jiajun Wu,Jiajun Wu 0001,https://dblp.org/pid/117/4768
Jian Sun,Jian Sun 0001,https://dblp.org/pid/68/4942-1
Jianbing Shen,Jianbing Shen,https://dblp.org/pid/38/5435
Kwang In Kim,Kwang In Kim,https://dblp.org/pid/49/1431
Liang Wang,Liang Wang 0001,https://dblp.org/pid/56/4499-1
Ming-Ming Cheng,Ming-Ming Cheng,https://dblp.org/pid/45/7592
Risheng Liu,Risheng Liu,https://dblp.org/pid/82/8066
Si Liu,Si Liu 0001,https://dblp.org/pid/60/7642
Tae-Kyun Kim,Tae-Kyun Kim,https://dblp.org/pid/28/787
Xi Li,Xi Li 0001,https://dblp.org/pid/46/2311-1
Yi Wu,Yi Wu 0001,https://dblp.org/pid/44/3684-1
Young Min Kim,Min-Young Kim,https://dblp.org/pid/34/5733
Yunhong Wang,Yunhong Wang,https://dblp.org/pid/95/6251
Zhirong Wu,Zhirong Wu,https://dblp.org/pid/147/5025
Chen Chen,Chen Chen 0001,https://dblp.org/pid/65/4423-1
Qixiang Ye,Qixiang Ye,https://dblp.org/pid/06/4335
Chaohui Wang,Chaohui Wang,https://dblp.org/pid/51/711
Angel Chang,Angel X. Chang,https://dblp.org/pid/46/10489
Bo Li,Bo Li 0026,https://dblp.org/pid/50/3402-26
Fuxin Li,Fuxin Li,https://dblp.org/pid/03/2783
Heng Wang,Heng Wang,https://dblp.org/pid/61/5618
Hsin-Ying Lee,Hsin-Ying Lee,https://dblp.org/pid/149/7976
Humphrey Shi,Humphrey Shi,https://dblp.org/pid/176/5516
Jia-Bin Huang,Jia-Bin Huang 0001,https://dblp.org/pid/51/1815-1
Joon-Young Lee,Joon-Young Lee,https://dblp.org/pid/94/9989
Liang-Chieh Chen,Liang-Chieh Chen,https://dblp.org/pid/138/2443
Liwei Wang,Liwei Wang 0009,https://dblp.org/pid/47/1798-9
Ming-Yu Liu,Ming-Yu Liu 0001,https://dblp.org/pid/17/8368-1
Shenlong Wang,Shenlong Wang,https://dblp.org/pid/117/4842
Yong Jae Lee,Yong Jae Lee,https://dblp.org/pid/15/5471
Yu-Xiong Wang,Yu-Xiong Wang,https://dblp.org/pid/35/10700
Jia Deng,Jia Deng 0001,https://dblp.org/pid/07/6526-1
Saining Xie,Saining Xie,https://dblp.org/pid/126/0960
Siyu Tang,Siyu Tang 0001,https://dblp.org/pid/22/845-1
Qifeng Chen,Qifeng Chen,https://dblp.org/pid/117/4819
Jingwan Lu,Jingwan Lu,https://dblp.org/pid/08/7867
Qixing Huang,Qixing Huang,https://dblp.org/pid/82/241
Stella X. Yu,Stella X. Yu,https://dblp.org/pid/58/5089
Yanxi Liu,Yanxi Liu,https://dblp.org/pid/l/YanxiLiu
Min Sun,Min Sun 0001,https://dblp.org/pid/62/2750-1
Shuran Song,Shuran Song,https://dblp.org/pid/123/4433
Ruohan Gao,Ruohan Gao,https://dblp.org/pid/176/5787
Yang Song,Yang Song 0009,https://dblp.org/pid/24/4470-9
Dong Xu,Dong Xu 0001,https://dblp.org/pid/09/3493-1
Haoxiang Li,Haoxiang Li,https://dblp.org/pid/135/4938
Junsong Yuan,Junsong Yuan,https://dblp.org/pid/42/3332
Yi-Hsuan Tsai,Yi-Hsuan Tsai,https://dblp.org/pid/142/2924
Ce Liu,Ce Liu 0001,https://dblp.org/pid/61/3937-1
Deqing Sun,Deqing Sun,https://dblp.org/pid/69/4250
Hao Zhang,Hao (Richard) Zhang,https://dblp.org/pid/z/HaoZhang2
Ping Tan,Ping Tan,https://dblp.org/pid/61/6118
Dan Xu,Dan Xu 0002,https://dblp.org/pid/16/3823-2
Gang Wang,Xiaogang Wang 0001,https://dblp.org/pid/91/6236-1
Shuicheng Yan,Shuicheng Yan,https://dblp.org/pid/y/ShuichengYan
Weidi Xie,Weidi Xie,https://dblp.org/pid/199/1718
Anpei Chen,Anpei Chen,https://dblp.org/pid/210/2592
Gim Hee Lee,Gim Hee Lee,https://dblp.org/pid/49/9455
Jie Song,Jie Song 0006,https://dblp.org/pid/09/4756-6
Jingyi Yu,Jingyi Yu,https://dblp.org/pid/58/4808
Xiaowei Zhou,Xiaowei Zhou,https://dblp.org/pid/30/1273
Yizhou Wang,Yizhou Wang 0001,https://dblp.org/pid/71/3387-1
Zexiang Xu,Zexiang Xu,https://dblp.org/pid/154/0366
Jiebo Luo,Jiebo Luo,https://dblp.org/pid/25/5545
Tianfan Xue,Tianfan Xue,https://dblp.org/pid/54/8652
Shizhe Chen,Shizhe Chen,https://dblp.org/pid/153/0734
He Wang,He Wang 0010,https://dblp.org/pid/01/6368-10
Charles R. Qi,Charles R. Qi,https://dblp.org/pid/163/2148
Tsung-Yi Lin,Tsung-Yi Lin,https://dblp.org/pid/47/8105
Xiaoguang Han,Xiaoguang Han 0001,https://dblp.org/pid/60/8294
Angela Yao,Angela Yao,https://dblp.org/pid/64/8484
Bolei Zhou,Bolei Zhou,https://dblp.org/pid/46/8066
Cewu Lu,Cewu Lu,https://dblp.org/pid/96/10571
Hongsheng Li,Hongsheng Li 0001,https://dblp.org/pid/27/7402-1
Jianwei Yang,Jianwei Yang,https://dblp.org/pid/62/1791
Lu Yuan,Lu Yuan,https://dblp.org/pid/66/6740
Lan Xu,Lan Xu,https://dblp.org/pid/41/4840
Nianyi Li,Nianyi Li,https://dblp.org/pid/126/0742
Shenghua Gao,Shenghua Gao,https://dblp.org/pid/63/7642
Chengjiang Long,Chengjiang Long,https://dblp.org/pid/10/4617
Chunhua Shen,Chunhua Shen,https://dblp.org/pid/56/1673
Wei Liu,Wei Liu 0005,https://dblp.org/pid/49/3283-5
Mingkui Tan,Mingkui Tan,https://dblp.org/pid/49/2007
Qi Wu,Qi Wu 0001,https://dblp.org/pid/96/3446-1
Yibing Song,Yibing Song,https://dblp.org/pid/77/2117
Xinchao Wang,Xinchao Wang,https://dblp.org/pid/23/8015
Zhouchen Lin,Zhouchen Lin,https://dblp.org/pid/l/ZhouchenLin
Yifei Huang,Yifei Huang,https://dblp.org/pid/71/8763
Gunhee Kim,Gunhee Kim,https://dblp.org/pid/45/115
Junchi Yan,Junchi Yan,https://dblp.org/pid/60/7949
Seungryong Kim,Seungryong Kim,https://dblp.org/pid/141/9955
Xiangyang Xue,Xiangyang Xue,https://dblp.org/pid/84/3791
Sing Bing Kang,Sing Bing Kang,https://dblp.org/pid/k/SingBingKang
Jinwei Gu,Jinwei Gu,https://dblp.org/pid/61/1140
Yang Wang,Zhangyang Wang,https://dblp.org/pid/119/4026
Ning Zhang,Ning Zhang,https://dblp.org/pid/181/2597
Huijuan Xu,Huijuan Xu 0001,https://dblp.org/pid/129/9444
Wei-Shi Zheng,Wei-Shi Zheng 0001,https://dblp.org/pid/30/8399
Xiangyu Zhang,Xiangyu Zhang 0005,https://dblp.org/pid/95/3760-5
Yi-Zhe Song,Yi-Zhe Song,https://dblp.org/pid/98/1684
Chi-Keung Tang,Chi-Keung Tang,https://dblp.org/pid/34/4366
Di He,Di He 0001,https://dblp.org/pid/74/184-1
Qianru Sun,Qianru Sun,https://dblp.org/pid/127/6132
Robby T. Tan,Robby T. Tan,https://dblp.org/pid/t/RobbyTTan
Xiaoming Liu,Xiaoming Liu 0002,https://dblp.org/pid/l/XiaomingLiu0002
Gao Huang,Gao Huang,https://dblp.org/pid/120/2687
Yin Cui,Yin Cui,https://dblp.org/pid/47/8023
Huiwen Chang,Huiwen Chang,https://dblp.org/pid/131/4389
Lu Jiang,Lu Jiang 0004,https://dblp.org/pid/22/752-4
Junwei Han,Junwei Han,https://dblp.org/pid/00/3003
Zhaoxiang Zhang,Zhaoxiang Zhang,https://dblp.org/pid/55/2285
Bing Su,Bing Su 0001,https://dblp.org/pid/41/5270-1
Jiahuan Zhou,Jiahuan Zhou,https://dblp.org/pid/126/1129
Ying Wu,Ying Wu 0001,https://dblp.org/pid/64/5840-1
Hongkai Xiong,Hongkai Xiong,https://dblp.org/pid/21/3569
Jianxin Wu,Jianxin Wu 0001,https://dblp.org/pid/w/JianxinWu
Jiashi Feng,Jiashi Feng,https://dblp.org/pid/56/8278
Shiliang Zhang,Shiliang Zhang,https://dblp.org/pid/52/6186
Wei Shen,Wei Shen 0002,https://dblp.org/pid/71/3692-2
Xiaokang Yang,Xiaokang Yang,https://dblp.org/pid/06/3071
Ruigang Yang,Ruigang Yang,https://dblp.org/pid/08/5690
Junmo Kim,Junmo Kim,https://dblp.org/pid/40/240
Xiangyu Xu,Xiangyu Xu,https://dblp.org/pid/172/1282
Xiaohui Shen,Xiaohui Shen,https://dblp.org/pid/88/6582
Dahua Lin,Dahua Lin,https://dblp.org/pid/53/6088
Jianping Shi,Jianping Shi,https://dblp.org/pid/00/3188
Ping Luo,Ping Luo 0002,https://dblp.org/pid/54/4989-2
Xiaoou Tang,Xiaoou Tang,https://dblp.org/pid/04/5226
Zhengyou Zhang,Zhengyou Zhang,https://dblp.org/pid/73/5043
Ziwei Liu,Ziwei Liu 0002,https://dblp.org/pid/05/6300-2
Cihang Xie,Cihang Xie,https://dblp.org/pid/175/3366
Feng Yang,Feng Yang,https://dblp.org/pid/22/4613
Jiang Wang,Jiang Wang 0001,https://dblp.org/pid/01/2998-1
Junzhou Huang,Junzhou Huang,https://dblp.org/pid/22/1170
Mingxing Tan,Mingxing Tan,https://dblp.org/pid/11/7863
Xiaoyu Wang,Xiaoyu Wang 0002,https://dblp.org/pid/58/4775-2
Yu-Chuan Su,Yu-Chuan Su,https://dblp.org/pid/53/6299
Chang Xu,Chang Xu 0002,https://dblp.org/pid/97/2966-2
Feng Lu,Feng Lu 0005,https://dblp.org/pid/97/6483-5
Yi Ma,Yi Ma 0001,https://dblp.org/pid/69/1112-1
Yinqiang Zheng,Yinqiang Zheng,https://dblp.org/pid/79/5068
Yu Li,Yu Li 0003,https://dblp.org/pid/34/2997-3
Jianchao Yang,Jianchao Yang,https://dblp.org/pid/96/3835
Seon Joo Kim,Seon Joo Kim,https://dblp.org/pid/94/5528
Caiming Xiong,Caiming Xiong,https://dblp.org/pid/80/7282
Pengtao Xie,Pengtao Xie,https://dblp.org/pid/133/1998
Tianfu Wu,Tianfu Wu 0001,https://dblp.org/pid/08/4148-1
Hao Wang,Hao Wang 0014,https://dblp.org/pid/w/HaoWang-14
Chen Wang,Chen Wang 0050,https://dblp.org/pid/82/4206-50
Dong Chen,Dongdong Chen 0001,https://dblp.org/pid/92/1489-1
Yizhou Yu,Yizhou Yu,https://dblp.org/pid/90/6896
Zicheng Liu,Zicheng Liu 0001,https://dblp.org/pid/l/ZichengLiu
Jingdong Wang,Jingdong Wang 0001,https://dblp.org/pid/49/3441
Jianwen Xie,Jianwen Xie,https://dblp.org/pid/98/7436
Mei Han,Mei Han,https://dblp.org/pid/26/4583
Cha Zhang,Chaoyi Zhang,https://dblp.org/pid/116/7852
Chao Chen,Chao Chen 0012,https://dblp.org/pid/66/3019-12
Chao-Yuan Wu,Chao-Yuan Wu,https://dblp.org/pid/151/3304
Zhuang Liu,Zhuang Liu 0003,https://dblp.org/pid/56/11346-3
David Gu,Xianfeng Gu,https://dblp.org/pid/g/XianfengGu
Chen Feng,Chen Feng 0002,https://dblp.org/pid/01/161-2
Huaizu Jiang,Huaizu Jiang,https://dblp.org/pid/128/7890
Feng Xu,Feng Xu 0005,https://dblp.org/pid/03/2611-5
Ran He,Ran He,https://dblp.org/pid/61/6198
Xun Cao,Xun Cao,https://dblp.org/pid/78/7658
Guo-Jun Qi,Guo-Jun Qi,https://dblp.org/pid/41/943
Hongyang Li,Hongyang Li,https://dblp.org/pid/95/8433
Xiaojie Guo,Xiaojie Guo 0001,https://dblp.org/pid/43/8066-1
Cheng Deng,Cheng Deng,https://dblp.org/pid/20/4471
Cheng-Lin Liu,Chenglin Liu,https://dblp.org/pid/24/3006
Qingshan Liu,Qingshan Liu 0001,https://dblp.org/pid/95/1247
Tieniu Tan,Tieniu Tan,https://dblp.org/pid/t/TieniuTan
Zhenan Sun,Zhenan Sun,https://dblp.org/pid/13/5916
Le Wang,Le Wang 0003,https://dblp.org/pid/79/652-3
Wei Tang,Wei Tang,https://dblp.org/pid/58/1874
Yi Yang,Yimin Yang,https://dblp.org/pid/41/6960
Chunyu Wang,Chun-yu Wang,https://dblp.org/pid/63/7235
Jiaolong Yang,Jiaolong Yang,https://dblp.org/pid/121/6218
Min H. Kim,Min H. Kim 0001,https://dblp.org/pid/92/5142
Jian Wang,Jian Wang 0042,https://dblp.org/pid/39/449-42
Yebin Liu,Yebin Liu,https://dblp.org/pid/84/1411
Chun-Guang Li,Chun-Guang Li,https://dblp.org/pid/75/1999
Kui Jia,Kui Jia,https://dblp.org/pid/60/3834
Xiaolin Huang,Xiaolin Huang,https://dblp.org/pid/61/2227
Xinggang Wang,Xinggang Wang,https://dblp.org/pid/95/3056
Han Hu,Han Hu 0001,https://dblp.org/pid/59/3754-1
Yue Cao,Yue Cao 0001,https://dblp.org/pid/74/5570-1
Zhanyu Ma,Zhanyu Ma,https://dblp.org/pid/56/8107
Jianru Xue,Jianru Xue,https://dblp.org/pid/16/6902
Jiaying Liu,Jiaying Liu 0001,https://dblp.org/pid/32/197
Hwann-Tzong Chen,Hwann-Tzong Chen,https://dblp.org/pid/74/2341
Dahun Kim,Dahun Kim,https://dblp.org/pid/205/2487
Jingya Wang,Jingya Wang,https://dblp.org/pid/03/10570
Muhan Zhang,Muhan Zhang,https://dblp.org/pid/157/5518
Xiaochun Cao,Xiaochun Cao,https://dblp.org/pid/39/3695
Ke Ma,Kede Ma,https://dblp.org/pid/127/1809
Liang Zheng,Liang Zheng 0001,https://dblp.org/pid/61/7360-1
Xin Geng,Xin Geng 0001,https://dblp.org/pid/61/6904-1
Di Huang,Di Huang 0001,https://dblp.org/pid/45/780-1
Sharon X Huang,Sharon X. Huang,https://dblp.org/pid/293/8974
Yixin Zhu,Yixin Zhu 0001,https://dblp.org/pid/91/1103-1
Yu-Chiang Frank Wang,Yu-Chiang Frank Wang,https://dblp.org/pid/30/1690
Seungyong Lee,Seungyong Lee 0001,https://dblp.org/pid/60/2559-1
Miaomiao Liu,Miaomiao Liu 0001,https://dblp.org/pid/66/8063-1
Mingsheng Long,Mingsheng Long,https://dblp.org/pid/74/9023
Guofeng Zhang,Guofeng Zhang 0001,https://dblp.org/pid/78/5389-1
Ting Chen,Wei-Ting Chen,https://dblp.org/pid/48/6966
Jinwei Ye,Jinwei Ye,https://dblp.org/pid/117/4793
Yihong Wu,Yihong Wu 0002,https://dblp.org/pid/24/2219-2
Ke Li,Kejie Li,https://dblp.org/pid/44/3202
Hao Dong,Haoye Dong,https://dblp.org/pid/163/4089
Weisheng Dong,Weisheng Dong,https://dblp.org/pid/03/5833
Yen-Yu Lin,Yen-Yu Lin,https://dblp.org/pid/44/4894
Huimin Ma,Huimin Ma 0001,https://dblp.org/pid/69/7694-1
Wei-Chih Hung,Wei-Chih Hung,https://dblp.org/pid/70/2879
Yan Xu,Yan Xu 0001,https://dblp.org/pid/03/4702-1
Xiaobai Liu,Xiaobai Liu,https://dblp.org/pid/86/3967
Qi Zhao,Qi Zhao 0001,https://dblp.org/pid/05/490-1
Jingjing Zheng,Jingjing Zheng,https://dblp.org/pid/29/5102
Yiming Zhang,Yiming Zhang,https://dblp.org/pid/76/5416
Junbo Zhao,Junbo Zhao,https://dblp.org/pid/128/8266
Xiangwei Kong,Xiangwei Kong,https://dblp.org/pid/38/4406
Yu Wu,Yu Wu 0011,https://dblp.org/pid/22/0-11
Long Chen,Long Chen 0016,https://dblp.org/pid/64/5725-16
Tian Han,Tian Han 0001,https://dblp.org/pid/65/4065-1
Ming-Syan Chen,Ming-Syan Chen,https://dblp.org/pid/c/MingSyanChen
Yu Cheng,Yu Cheng 0009,https://dblp.org/pid/96/3060-9
Dongman Lee,Dongman Lee,https://dblp.org/pid/89/81
YongJae Lee,Yong-Jae Lee,https://dblp.org/pid/24/3538
